timestamp,油温°C,主电机A/pm,负载率R(%)
2024-01-01 00:00:00,25.002,262.6,84.2
2024-01-01 00:30:00,25.597,325.85,55.51
2024-01-01 01:00:00,24.452,314.82,84.1
2024-01-01 01:30:00,23.219,326.21,78.66
2024-01-01 02:00:00,24.091,356.37,75.4
2024-01-01 02:30:00,23.017,344.53,92.28
2024-01-01 03:00:00,25.12,265.64,63.84
2024-01-01 03:30:00,27.68,249.34,62.83
2024-01-01 04:00:00,24.016,324.51,78.07
2024-01-01 04:30:00,23.759,269.55,85.93
2024-01-01 05:00:00,25.98,299.63,58.43
2024-01-01 05:30:00,25.714,325.19,76.83
2024-01-01 06:00:00,25.211,250.69,51.5
2024-01-01 06:30:00,23.139,236.7,70.34
2024-01-01 07:00:00,24.941,307.78,82.3
2024-01-01 07:30:00,26.391,301.33,43.59
2024-01-01 08:00:00,22.312,292.63,80.03
2024-01-01 08:30:00,24.085,301.16,40.85
2024-01-01 09:00:00,21.198,274.18,92.71
2024-01-01 09:30:00,22.421,254.6,65.78
2024-01-01 10:00:00,21.317,295.0,62.5
2024-01-01 10:30:00,24.53,270.85,79.62
2024-01-01 11:00:00,22.465,250.7,68.78
2024-01-01 11:30:00,25.543,315.17,80.2
2024-01-01 12:00:00,25.314,298.16,44.66
2024-01-01 12:30:00,24.626,312.2,70.95
2024-01-01 13:00:00,19.966,270.32,70.7
2024-01-01 13:30:00,23.923,280.26,91.27
2024-01-01 14:00:00,24.903,270.03,42.18
2024-01-01 14:30:00,25.227,273.4,64.91
2024-01-01 15:00:00,21.94,305.86,74.71
2024-01-01 15:30:00,24.044,276.51,70.29
2024-01-01 16:00:00,23.043,310.68,44.08
2024-01-01 16:30:00,23.382,310.19,72.63
2024-01-01 17:00:00,27.122,360.75,52.22
2024-01-01 17:30:00,23.385,258.22,50.76
2024-01-01 18:00:00,24.935,326.64,88.33
2024-01-01 18:30:00,26.769,297.32,50.88
2024-01-01 19:00:00,23.833,299.58,64.99
2024-01-01 19:30:00,24.777,256.5,81.27
2024-01-01 20:00:00,25.221,286.19,78.9
2024-01-01 20:30:00,25.128,322.3,70.44
2024-01-01 21:00:00,22.55,297.53,84.39
2024-01-01 21:30:00,25.152,302.43,65.62
2024-01-01 22:00:00,27.718,291.28,74.12
2024-01-01 22:30:00,21.906,334.64,85.04
2024-01-01 23:00:00,26.719,299.36,77.3
2024-01-01 23:30:00,25.239,233.99,75.3
2024-01-02 00:00:00,23.717,279.24,62.34
2024-01-02 00:30:00,29.001,240.94,70.71
2024-01-02 01:00:00,26.525,202.46,61.78
2024-01-02 01:30:00,22.601,284.1,80.94
2024-01-02 02:00:00,25.149,340.01,60.92
2024-01-02 02:30:00,26.153,301.41,65.66
2024-01-02 03:00:00,24.622,264.82,81.55
2024-01-02 03:30:00,26.366,271.78,67.7
2024-01-02 04:00:00,24.867,333.92,58.59
2024-01-02 04:30:00,26.334,304.73,85.48
2024-01-02 05:00:00,27.877,301.44,60.95
2024-01-02 05:30:00,23.649,298.4,86.46
2024-01-02 06:00:00,90.0,301.15,83.19
2024-01-02 06:30:00,24.073,324.16,64.6
2024-01-02 07:00:00,25.255,316.58,79.21
2024-01-02 07:30:00,22.626,306.47,41.89
2024-01-02 08:00:00,23.841,268.71,61.44
2024-01-02 08:30:00,24.608,315.33,87.32
2024-01-02 09:00:00,26.798,279.47,71.87
2024-01-02 09:30:00,27.29,332.82,70.68
2024-01-02 10:00:00,22.353,261.87,76.56
2024-01-02 10:30:00,23.411,295.87,77.27
2024-01-02 11:00:00,26.294,299.78,72.1
2024-01-02 11:30:00,21.015,260.26,63.13
2024-01-02 12:00:00,24.074,351.66,50.09
2024-01-02 12:30:00,24.805,343.81,56.1
2024-01-02 13:00:00,27.514,286.09,56.11
2024-01-02 13:30:00,26.379,323.15,63.69
2024-01-02 14:00:00,24.346,311.36,94.95
2024-01-02 14:30:00,24.263,221.59,59.39
2024-01-02 15:00:00,24.5,307.51,64.61
2024-01-02 15:30:00,28.047,298.16,60.44
2024-01-02 16:00:00,24.144,302.5,71.98
2024-01-02 16:30:00,24.393,267.69,92.13
2024-01-02 17:00:00,25.705,291.92,88.9
2024-01-02 17:30:00,24.758,294.65,60.74
2024-01-02 18:00:00,24.605,335.64,54.68
2024-01-02 18:30:00,22.772,310.03,88.64
2024-01-02 19:00:00,24.977,299.83,67.16
2024-01-02 19:30:00,24.113,345.87,77.7
2024-01-02 20:00:00,27.332,283.34,44.03
2024-01-02 20:30:00,26.306,288.32,87.66
2024-01-02 21:00:00,24.952,245.5,57.21
2024-01-02 21:30:00,26.337,347.07,67.2
2024-01-02 22:00:00,24.32,328.93,50.89
2024-01-02 22:30:00,27.104,327.51,63.11
2024-01-02 23:00:00,24.989,320.07,85.54
2024-01-02 23:30:00,26.167,303.3,85.52
2024-01-03 00:00:00,22.418,306.46,66.05
2024-01-03 00:30:00,25.693,292.44,82.24
2024-01-03 01:00:00,21.624,293.89,65.19
2024-01-03 01:30:00,20.929,301.63,60.53
2024-01-03 02:00:00,24.391,345.35,70.02
2024-01-03 02:30:00,23.2,316.67,51.07
2024-01-03 03:00:00,25.328,298.25,57.41
2024-01-03 03:30:00,29.49,282.62,78.86
2024-01-03 04:00:00,23.337,280.95,82.38
2024-01-03 04:30:00,23.752,348.08,43.12
2024-01-03 05:00:00,25.411,315.2,80.31
2024-01-03 05:30:00,25.986,302.03,84.96
2024-01-03 06:00:00,24.647,289.61,64.49
2024-01-03 06:30:00,24.588,266.73,43.43
2024-01-03 07:00:00,26.405,297.99,77.56
2024-01-03 07:30:00,26.04,326.21,53.54
2024-01-03 08:00:00,22.933,288.22,75.38
2024-01-03 08:30:00,24.842,293.18,60.71
2024-01-03 09:00:00,25.071,293.37,75.04
2024-01-03 09:30:00,22.891,303.29,54.2
2024-01-03 10:00:00,25.52,252.21,66.21
2024-01-03 10:30:00,23.284,292.94,68.86
2024-01-03 11:00:00,26.944,274.37,74.71
2024-01-03 11:30:00,25.385,326.54,51.17
2024-01-03 12:00:00,,276.88,92.91
2024-01-03 12:30:00,23.818,317.31,55.9
2024-01-03 13:00:00,24.763,345.73,56.83
2024-01-03 13:30:00,21.005,290.59,54.1
2024-01-03 14:00:00,22.737,281.95,43.71
2024-01-03 14:30:00,25.726,305.74,63.26
2024-01-03 15:00:00,20.743,299.94,82.45
2024-01-03 15:30:00,26.693,270.19,79.03
2024-01-03 16:00:00,21.508,313.83,50.76
2024-01-03 16:30:00,26.513,360.47,47.53
2024-01-03 17:00:00,23.309,292.26,57.68
2024-01-03 17:30:00,26.558,293.91,82.25
2024-01-03 18:00:00,25.262,268.65,66.84
2024-01-03 18:30:00,21.926,309.57,90.78
2024-01-03 19:00:00,27.498,262.59,76.1
2024-01-03 19:30:00,27.883,266.79,74.15
2024-01-03 20:00:00,24.868,338.39,82.22
2024-01-03 20:30:00,24.452,272.84,81.26
2024-01-03 21:00:00,24.68,332.44,58.91
2024-01-03 21:30:00,23.05,345.73,54.14
2024-01-03 22:00:00,27.197,307.78,64.07
2024-01-03 22:30:00,23.914,316.6,66.91
2024-01-03 23:00:00,24.898,358.57,47.79
2024-01-03 23:30:00,23.413,294.1,64.27
2024-01-04 00:00:00,23.748,282.21,75.19
2024-01-04 00:30:00,22.445,259.4,47.46
2024-01-04 01:00:00,27.514,301.25,47.59
2024-01-04 01:30:00,24.692,344.37,49.55
2024-01-04 02:00:00,26.932,328.79,55.58
2024-01-04 02:30:00,25.027,271.74,92.89
2024-01-04 03:00:00,-40.0,274.34,41.42
2024-01-04 03:30:00,24.347,284.87,50.11
2024-01-04 04:00:00,23.88,308.77,49.08
2024-01-04 04:30:00,25.016,293.84,66.09
2024-01-04 05:00:00,24.249,306.43,40.83
2024-01-04 05:30:00,24.4,308.9,65.2
2024-01-04 06:00:00,22.243,291.04,48.96
2024-01-04 06:30:00,23.386,298.79,54.83
2024-01-04 07:00:00,28.308,306.2,83.58
2024-01-04 07:30:00,23.658,297.48,50.12
2024-01-04 08:00:00,22.892,315.11,73.94
2024-01-04 08:30:00,25.675,356.13,62.35
2024-01-04 09:00:00,27.815,317.76,62.97
2024-01-04 09:30:00,22.092,301.67,84.93
2024-01-04 10:00:00,24.583,249.42,48.85
2024-01-04 10:30:00,23.736,311.64,90.81
2024-01-04 11:00:00,21.478,241.6,89.14
2024-01-04 11:30:00,26.47,257.73,76.76
2024-01-04 12:00:00,24.953,325.64,42.72
2024-01-04 12:30:00,25.143,321.19,76.48
2024-01-04 13:00:00,23.495,295.5,73.02
2024-01-04 13:30:00,25.91,248.7,82.47
2024-01-04 14:00:00,23.921,288.86,51.76
2024-01-04 14:30:00,24.714,279.64,92.43
2024-01-04 15:00:00,22.783,319.11,88.74
2024-01-04 15:30:00,22.568,367.73,46.29
2024-01-04 16:00:00,27.671,306.51,57.34
2024-01-04 16:30:00,23.986,276.62,41.78
2024-01-04 17:00:00,25.583,264.88,85.7
2024-01-04 17:30:00,24.932,298.32,90.33
2024-01-04 18:00:00,24.118,294.7,94.44
2024-01-04 18:30:00,23.984,265.45,73.66
2024-01-04 19:00:00,26.26,303.49,76.63
2024-01-04 19:30:00,24.396,265.47,77.31
2024-01-04 20:00:00,24.697,333.36,71.36
2024-01-04 20:30:00,25.044,331.88,92.38
2024-01-04 21:00:00,27.353,332.54,73.43
2024-01-04 21:30:00,26.361,285.78,58.46
2024-01-04 22:00:00,25.765,315.44,68.21
2024-01-04 22:30:00,23.873,296.04,41.03
2024-01-04 23:00:00,22.236,288.34,79.83
2024-01-04 23:30:00,26.899,289.83,78.17
2024-01-05 00:00:00,26.933,261.01,63.16
2024-01-05 00:30:00,24.719,256.68,86.83
2024-01-05 01:00:00,26.084,323.83,81.55
2024-01-05 01:30:00,26.563,294.26,58.52
2024-01-05 02:00:00,26.662,306.49,44.26
2024-01-05 02:30:00,26.843,330.05,47.27
2024-01-05 03:00:00,24.089,248.01,50.13
2024-01-05 03:30:00,28.03,276.48,56.72
